object_id,src_id
BX120,BX120-53005
BX120,BX120-53010
BX120,BX120-53015
BX120,BX120-53020
BX123,BX123-53005
BX123,BX123-53010
BX123,BX123-53015
BX123,BX123-53020
BX128,BX128-53005
BX128,BX128-53010
BX128,BX128-53015
BX128,BX128-53020